contrast,regulation,gene_name,gene_id,gene_id_clean,gene_type,baseMean,log2FoldChange,padj
Lac_16h_vs_M1_16h,DOWN,Gm5150,ENSMUSG00000078780.8,ENSMUSG00000078780,protein_coding,503.57550226759423,-1.2973438401445003,3.6667129630413595e-49
Lac_16h_vs_M1_16h,DOWN,Fgd2,ENSMUSG00000024013.16,ENSMUSG00000024013,protein_coding,494.8388817301603,-1.3825218477739891,1.561204370117372e-36
Lac_16h_vs_M1_16h,DOWN,Nxpe5,ENSMUSG00000047592.18,ENSMUSG00000047592,protein_coding,1501.67775472327,-1.5246908708426534,6.082930039509716e-36
Lac_16h_vs_M1_16h,DOWN,Sirpb1c,ENSMUSG00000074677.12,ENSMUSG00000074677,protein_coding,2329.2215104369766,-1.1162028215915425,6.082930039509716e-36
Lac_16h_vs_M1_16h,DOWN,Arl11,ENSMUSG00000043157.9,ENSMUSG00000043157,protein_coding,2399.06143913261,-0.7263655106246101,5.491319442681351e-35
Lac_16h_vs_M1_16h,DOWN,Gpn1,ENSMUSG00000064037.14,ENSMUSG00000064037,protein_coding,590.413672179309,-1.1624030159369472,1.1543878774434976e-32
Lac_16h_vs_M1_16h,DOWN,Slamf6,ENSMUSG00000015314.11,ENSMUSG00000015314,protein_coding,223.85901394282925,-1.09608516183534,1.6003949411758034e-32
Lac_16h_vs_M1_16h,DOWN,Sirpb1b,ENSMUSG00000095028.7,ENSMUSG00000095028,protein_coding,1727.398379393063,-1.1290125064230256,9.481133300255011e-32
Lac_16h_vs_M1_16h,DOWN,Cyb5r1,ENSMUSG00000026456.19,ENSMUSG00000026456,protein_coding,1773.465322638919,-0.6443977327142053,6.463975953777059e-30
Lac_16h_vs_M1_16h,DOWN,Pdrg1,ENSMUSG00000027472.15,ENSMUSG00000027472,protein_coding,1058.5090992302764,-0.9546612891449106,6.919390144283752e-30
Lac_16h_vs_M1_16h,UP,Nos2,ENSMUSG00000020826.10,ENSMUSG00000020826,protein_coding,24104.52636928401,3.6820318254561775,8.982645169686137e-140
Lac_16h_vs_M1_16h,UP,Serpine1,ENSMUSG00000037411.12,ENSMUSG00000037411,protein_coding,16117.5326821036,2.890413210289892,1.531150982963518e-105
Lac_16h_vs_M1_16h,UP,Rhof,ENSMUSG00000029449.12,ENSMUSG00000029449,protein_coding,625.5911544672983,1.1066296588367497,1.6794059345788207e-53
Lac_16h_vs_M1_16h,UP,Gm56555,ENSMUSG00000121137.2,ENSMUSG00000121137,lncRNA,1471.3861752439095,1.0651200248938364,1.591204845364518e-49
Lac_16h_vs_M1_16h,UP,Stxbp1,ENSMUSG00000026797.17,ENSMUSG00000026797,protein_coding,1545.8178747349612,1.0924810014435429,1.4195328831699598e-45
Lac_16h_vs_M1_16h,UP,Olfm1,ENSMUSG00000026833.19,ENSMUSG00000026833,protein_coding,1597.2944027220813,1.1263113911522038,8.012844652568801e-41
Lac_16h_vs_M1_16h,UP,Hk1,ENSMUSG00000037012.19,ENSMUSG00000037012,protein_coding,10069.134722046098,1.0463581178982733,5.44091002644489e-40
Lac_16h_vs_M1_16h,UP,Maged1,ENSMUSG00000025151.17,ENSMUSG00000025151,protein_coding,3418.0319653842644,0.673181366367434,2.215123812511674e-39
Lac_16h_vs_M1_16h,UP,Hspa1b,ENSMUSG00000090877.4,ENSMUSG00000090877,protein_coding,6383.382138810836,1.975068993434787,5.257160774282383e-39
Lac_16h_vs_M1_16h,UP,Ndrg1,ENSMUSG00000005125.14,ENSMUSG00000005125,protein_coding,3719.008870987512,1.140183394466332,2.9854470135040724e-38
Lac_24h_vs_M1_24h,DOWN,Igfbp4,ENSMUSG00000017493.13,ENSMUSG00000017493,protein_coding,3944.127039123059,-1.102840066759723,4.272548720211001e-43
Lac_24h_vs_M1_24h,DOWN,Npepl1,ENSMUSG00000039263.17,ENSMUSG00000039263,protein_coding,1047.209357527633,-1.035676971555452,8.40138495891274e-41
Lac_24h_vs_M1_24h,DOWN,Plpbp,ENSMUSG00000031485.16,ENSMUSG00000031485,protein_coding,1487.814681960473,-0.6575688257883026,1.037582558604333e-37
Lac_24h_vs_M1_24h,DOWN,Nxpe5,ENSMUSG00000047592.18,ENSMUSG00000047592,protein_coding,1501.67775472327,-1.4747622640530955,5.077932089996622e-34
Lac_24h_vs_M1_24h,DOWN,Lrpprc,ENSMUSG00000024120.13,ENSMUSG00000024120,protein_coding,977.3544759612914,-0.8558093004217077,6.237265813138892e-33
Lac_24h_vs_M1_24h,DOWN,Mcm5,ENSMUSG00000005410.7,ENSMUSG00000005410,protein_coding,1487.7776874449237,-1.6398704670756885,7.960824652918126e-33
Lac_24h_vs_M1_24h,DOWN,Gpn1,ENSMUSG00000064037.14,ENSMUSG00000064037,protein_coding,590.413672179309,-1.214685171718305,2.680080820137402e-30
Lac_24h_vs_M1_24h,DOWN,Fgd2,ENSMUSG00000024013.16,ENSMUSG00000024013,protein_coding,494.8388817301603,-1.3668416333498878,7.16093946819777e-29
Lac_24h_vs_M1_24h,DOWN,Sesn1,ENSMUSG00000038332.14,ENSMUSG00000038332,protein_coding,2378.7897304294693,-0.9825741335606742,3.4156415974421166e-28
Lac_24h_vs_M1_24h,DOWN,Cibar1,ENSMUSG00000028218.20,ENSMUSG00000028218,protein_coding,283.55668130671,-1.1678591412414392,4.325363200159499e-26
Lac_24h_vs_M1_24h,UP,Serpine1,ENSMUSG00000037411.12,ENSMUSG00000037411,protein_coding,16117.5326821036,3.110050464399193,1.1090633037504367e-121
Lac_24h_vs_M1_24h,UP,Nos2,ENSMUSG00000020826.10,ENSMUSG00000020826,protein_coding,24104.52636928401,3.20459754376699,1.5167983094116946e-106
Lac_24h_vs_M1_24h,UP,Dusp1,ENSMUSG00000024190.8,ENSMUSG00000024190,protein_coding,5659.963924419032,1.7617143473423968,2.166110166009072e-100
Lac_24h_vs_M1_24h,UP,Spp1,ENSMUSG00000029304.15,ENSMUSG00000029304,protein_coding,281444.80231556983,1.3639302034913356,8.2274556271432e-83
Lac_24h_vs_M1_24h,UP,Irak2,ENSMUSG00000060477.15,ENSMUSG00000060477,protein_coding,5224.806045199793,0.9221559956052718,1.052337332260597e-52
Lac_24h_vs_M1_24h,UP,Maged1,ENSMUSG00000025151.17,ENSMUSG00000025151,protein_coding,3418.0319653842644,0.7719080008005885,1.3914399830328715e-51
Lac_24h_vs_M1_24h,UP,Hcar2,ENSMUSG00000045502.7,ENSMUSG00000045502,protein_coding,2496.2703813365124,2.567501691723983,5.428341466717623e-49
Lac_24h_vs_M1_24h,UP,Tatdn2,ENSMUSG00000056952.14,ENSMUSG00000056952,protein_coding,2806.9645123368864,0.9935788605068976,5.428341466717623e-49
Lac_24h_vs_M1_24h,UP,Cd9,ENSMUSG00000030342.9,ENSMUSG00000030342,protein_coding,12792.433176975326,1.1816327871706267,1.179706352370371e-48
Lac_24h_vs_M1_24h,UP,Csrnp1,ENSMUSG00000032515.9,ENSMUSG00000032515,protein_coding,1248.9504326732392,1.3561570597151111,1.5837102740216262e-48
Lac_8h_vs_M1_8h,DOWN,Arl11,ENSMUSG00000043157.9,ENSMUSG00000043157,protein_coding,2399.06143913261,-0.921197092392256,3.629148379494973e-51
Lac_8h_vs_M1_8h,DOWN,H1f0,ENSMUSG00000096210.3,ENSMUSG00000096210,protein_coding,1549.49658888753,-1.127959329376162,8.820501148640444e-49
Lac_8h_vs_M1_8h,DOWN,Gm36496,ENSMUSG00000120697.2,ENSMUSG00000120697,lncRNA,162.30509843994048,-1.9917236057398215,2.7364296977622287e-42
Lac_8h_vs_M1_8h,DOWN,Yeats4,ENSMUSG00000020171.9,ENSMUSG00000020171,protein_coding,1091.4418809864978,-1.0463550998269011,2.631023552086367e-41
Lac_8h_vs_M1_8h,DOWN,Smim7,ENSMUSG00000044600.15,ENSMUSG00000044600,protein_coding,3570.6933803870143,-0.814034751440306,7.260792265056035e-37
Lac_8h_vs_M1_8h,DOWN,Slc31a2,ENSMUSG00000066152.12,ENSMUSG00000066152,protein_coding,5968.360346065207,-0.7680338213833922,1.0250276452149643e-32
Lac_8h_vs_M1_8h,DOWN,Il36a,ENSMUSG00000026984.5,ENSMUSG00000026984,protein_coding,142.9088705972516,-1.2564037416387732,1.6531693643672345e-32
Lac_8h_vs_M1_8h,DOWN,Cdk20,ENSMUSG00000021483.9,ENSMUSG00000021483,protein_coding,1227.9476358548227,-0.6889986899521802,1.5762474963817081e-31
Lac_8h_vs_M1_8h,DOWN,Gm57256,ENSMUSG00000120245.2,ENSMUSG00000120245,lncRNA,113.83454022264856,-1.689626160612533,3.072351472600825e-30
Lac_8h_vs_M1_8h,DOWN,Gm16378,ENSMUSG00000095762.2,ENSMUSG00000095762,processed_pseudogene,463.0241132193956,-1.389129155145382,1.5992529562850395e-29
Lac_8h_vs_M1_8h,UP,Rhof,ENSMUSG00000029449.12,ENSMUSG00000029449,protein_coding,625.5911544672983,1.29100501690487,1.236421540119818e-72
Lac_8h_vs_M1_8h,UP,Bcorl1,ENSMUSG00000036959.16,ENSMUSG00000036959,protein_coding,479.7932377005604,1.8348459621393964,5.448339093427997e-54
Lac_8h_vs_M1_8h,UP,Stxbp1,ENSMUSG00000026797.17,ENSMUSG00000026797,protein_coding,1545.8178747349612,1.2141025390663125,1.302106182975687e-53
Lac_8h_vs_M1_8h,UP,Slco4a1,ENSMUSG00000038963.16,ENSMUSG00000038963,protein_coding,640.58170619147,2.001014065908767,1.9149959872945592e-52
Lac_8h_vs_M1_8h,UP,Wdr59,ENSMUSG00000031959.16,ENSMUSG00000031959,protein_coding,909.6351247537068,0.9144121002241636,3.629148379494973e-51
Lac_8h_vs_M1_8h,UP,Castor2,ENSMUSG00000015944.10,ENSMUSG00000015944,protein_coding,1303.7484146626734,1.6998591173836677,7.988656762994466e-49
Lac_8h_vs_M1_8h,UP,Men1,ENSMUSG00000024947.18,ENSMUSG00000024947,protein_coding,1586.5231999146408,1.0136001610632002,3.0774082963938075e-48
Lac_8h_vs_M1_8h,UP,Hspa1l,ENSMUSG00000007033.5,ENSMUSG00000007033,protein_coding,373.950243664063,1.1918466886397685,1.0518687605687111e-47
Lac_8h_vs_M1_8h,UP,Pcgf2,ENSMUSG00000018537.17,ENSMUSG00000018537,protein_coding,285.65910224322886,1.6032863733803893,1.7565045516780296e-47
Lac_8h_vs_M1_8h,UP,Cpsf6,ENSMUSG00000055531.13,ENSMUSG00000055531,protein_coding,1451.1149423332945,0.8998305066207862,7.029521774640441e-46
