Run,Assay Type,AvgSpotLen,Bases,BioProject,BioSample,Bytes,cell_type,Center Name,Consent,DATASTORE filetype,DATASTORE provider,DATASTORE region,Experiment,GEO_Accession (exp),Instrument,LibraryLayout,LibrarySelection,LibrarySource,Organism,Platform,ReleaseDate,create_date,version,Sample Name,source_name,spike-in_information,SRA Study,strain/background,time_after_lps/ifng_treatment,treatment,chip_antibody
SRR7264055,ChIP-Seq,50,1462199985,PRJNA474681,SAMN09369220,623341803,Primary mouse bone marrow derived macrophages (BMDM),GEO,public,"fastq,run.zq,sra","gs,ncbi,s3","gs.us-east1,ncbi.public,s3.us-east-1",SRX4168191,GSM3176445,Illumina HiSeq 4000,SINGLE,ChIP,GENOMIC,Mus musculus,ILLUMINA,2019-08-07T00:00:00Z,2018-06-05T13:12:00Z,1,GSM3176445,Primary mouse bone marrow derived macrophages (BMDM),none,SRP149804,C57BL/6,0h,none,none
SRR7264056,ChIP-Seq,50,1544066653,PRJNA474681,SAMN09369218,668223666,Primary mouse bone marrow derived macrophages (BMDM),GEO,public,"fastq,run.zq,sra","gs,ncbi,s3","gs.us-east1,ncbi.public,s3.us-east-1",SRX4168192,GSM3176446,Illumina HiSeq 4000,SINGLE,ChIP,GENOMIC,Mus musculus,ILLUMINA,2019-08-07T00:00:00Z,2018-06-05T13:11:00Z,1,GSM3176446,Primary mouse bone marrow derived macrophages (BMDM),"spike-in chromatin (Active motif, Catalog No. 53083), spike-in antibody (Active motif, Catalog No. 61686)",SRP149804,C57BL/6,0h,none,H3K18la (PTM biolabs) (please see description field)
SRR7264057,ChIP-Seq,50,2176468067,PRJNA474681,SAMN09368872,1003349333,Primary mouse bone marrow derived macrophages (BMDM),GEO,public,"fastq,run.zq,sra","gs,ncbi,s3","gs.us-east1,ncbi.public,s3.us-east-1",SRX4168193,GSM3176447,Illumina HiSeq 4000,SINGLE,ChIP,GENOMIC,Mus musculus,ILLUMINA,2019-08-07T00:00:00Z,2018-06-05T13:20:00Z,1,GSM3176447,Primary mouse bone marrow derived macrophages (BMDM),"spike-in chromatin (Active motif, Catalog No. 53083), spike-in antibody (Active motif, Catalog No. 61686)",SRP149804,C57BL/6,0h,none,"H3K18ac (Abcam\, ab1191\, lot GR 300534-1)"
SRR7264058,ChIP-Seq,50,1651877870,PRJNA474681,SAMN09368870,702673599,Primary mouse bone marrow derived macrophages (BMDM),GEO,public,"fastq,run.zq,sra","gs,ncbi,s3","gs.us-east1,ncbi.public,s3.us-east-1",SRX4168194,GSM3176448,Illumina HiSeq 4000,SINGLE,ChIP,GENOMIC,Mus musculus,ILLUMINA,2019-08-07T00:00:00Z,2018-06-05T13:13:00Z,1,GSM3176448,Primary mouse bone marrow derived macrophages (BMDM),none,SRP149804,C57BL/6,24h,LPS/IFNg,none
SRR7264059,ChIP-Seq,50,1458326010,PRJNA474681,SAMN09369020,628816303,Primary mouse bone marrow derived macrophages (BMDM),GEO,public,"fastq,run.zq,sra","gs,ncbi,s3","gs.us-east1,ncbi.public,s3.us-east-1",SRX4168195,GSM3176449,Illumina HiSeq 4000,SINGLE,ChIP,GENOMIC,Mus musculus,ILLUMINA,2019-08-07T00:00:00Z,2018-06-05T13:13:00Z,1,GSM3176449,Primary mouse bone marrow derived macrophages (BMDM),"spike-in chromatin (Active motif, Catalog No. 53083), spike-in antibody (Active motif, Catalog No. 61686)",SRP149804,C57BL/6,24h,LPS/IFNg,H3K18la (PTM biolabs) (please see description field)
SRR7264060,ChIP-Seq,50,1981517095,PRJNA474681,SAMN09369018,913965455,Primary mouse bone marrow derived macrophages (BMDM),GEO,public,"fastq,run.zq,sra","gs,ncbi,s3","gs.us-east1,ncbi.public,s3.us-east-1",SRX4168196,GSM3176450,Illumina HiSeq 4000,SINGLE,ChIP,GENOMIC,Mus musculus,ILLUMINA,2019-08-07T00:00:00Z,2018-06-05T13:20:00Z,1,GSM3176450,Primary mouse bone marrow derived macrophages (BMDM),"spike-in chromatin (Active motif, Catalog No. 53083), spike-in antibody (Active motif, Catalog No. 61686)",SRP149804,C57BL/6,24h,LPS/IFNg,"H3K18ac (Abcam\, ab1191\, lot GR 300534-1)"
SRR7264061,RNA-Seq,100,3907643384,PRJNA474681,SAMN09369017,1826041056,Primary mouse bone marrow derived macrophages (BMDM),GEO,public,"fastq,run.zq,sra","gs,ncbi,s3","gs.us-east1,ncbi.public,s3.us-east-1",SRX4168197,GSM3176451,Illumina HiSeq 4000,PAIRED,cDNA,TRANSCRIPTOMIC,Mus musculus,ILLUMINA,2019-08-07T00:00:00Z,2018-06-05T13:23:00Z,1,GSM3176451,Primary mouse bone marrow derived macrophages (BMDM),none,SRP149804,C57BL/6,0h,LPS/IFNg,
SRR7264062,RNA-Seq,100,3730955096,PRJNA474681,SAMN09369015,1646344688,Primary mouse bone marrow derived macrophages (BMDM),GEO,public,"fastq,run.zq,sra","gs,ncbi,s3","gs.us-east1,ncbi.public,s3.us-east-1",SRX4168198,GSM3176452,Illumina HiSeq 4000,PAIRED,cDNA,TRANSCRIPTOMIC,Mus musculus,ILLUMINA,2019-08-07T00:00:00Z,2018-06-05T13:25:00Z,1,GSM3176452,Primary mouse bone marrow derived macrophages (BMDM),none,SRP149804,C57BL/6,0h,LPS/IFNg,
SRR7264063,RNA-Seq,100,4232646560,PRJNA474681,SAMN09369013,1847854203,Primary mouse bone marrow derived macrophages (BMDM),GEO,public,"fastq,run.zq,sra","gs,ncbi,s3","gs.us-east1,ncbi.public,s3.us-east-1",SRX4168199,GSM3176453,Illumina HiSeq 4000,PAIRED,cDNA,TRANSCRIPTOMIC,Mus musculus,ILLUMINA,2019-08-07T00:00:00Z,2018-06-05T13:42:00Z,1,GSM3176453,Primary mouse bone marrow derived macrophages (BMDM),none,SRP149804,C57BL/6,0h,LPS/IFNg,
SRR7264064,RNA-Seq,100,3748171075,PRJNA474681,SAMN09369011,1645983537,Primary mouse bone marrow derived macrophages (BMDM),GEO,public,"fastq,run.zq,sra","gs,ncbi,s3","gs.us-east1,ncbi.public,s3.us-east-1",SRX4168200,GSM3176454,Illumina HiSeq 4000,PAIRED,cDNA,TRANSCRIPTOMIC,Mus musculus,ILLUMINA,2019-08-07T00:00:00Z,2018-06-05T13:32:00Z,1,GSM3176454,Primary mouse bone marrow derived macrophages (BMDM),none,SRP149804,C57BL/6,0h,LPS/IFNg,
SRR7264065,RNA-Seq,100,5410773378,PRJNA474681,SAMN09369010,2358061141,Primary mouse bone marrow derived macrophages (BMDM),GEO,public,"fastq,run.zq,sra","gs,ncbi,s3","gs.us-east1,ncbi.public,s3.us-east-1",SRX4168201,GSM3176455,Illumina HiSeq 4000,PAIRED,cDNA,TRANSCRIPTOMIC,Mus musculus,ILLUMINA,2019-08-07T00:00:00Z,2018-06-05T13:51:00Z,1,GSM3176455,Primary mouse bone marrow derived macrophages (BMDM),none,SRP149804,C57BL/6,4h,LPS/IFNg,
SRR7264066,RNA-Seq,100,5258836267,PRJNA474681,SAMN09369008,2340028770,Primary mouse bone marrow derived macrophages (BMDM),GEO,public,"fastq,run.zq,sra","gs,ncbi,s3","gs.us-east1,ncbi.public,s3.us-east-1",SRX4168202,GSM3176456,Illumina HiSeq 4000,PAIRED,cDNA,TRANSCRIPTOMIC,Mus musculus,ILLUMINA,2019-08-07T00:00:00Z,2018-06-05T13:32:00Z,1,GSM3176456,Primary mouse bone marrow derived macrophages (BMDM),none,SRP149804,C57BL/6,4h,LPS/IFNg,
SRR7264067,RNA-Seq,100,6225494664,PRJNA474681,SAMN09369006,2757415179,Primary mouse bone marrow derived macrophages (BMDM),GEO,public,"fastq,run.zq,sra","gs,ncbi,s3","gs.us-east1,ncbi.public,s3.us-east-1",SRX4168203,GSM3176457,Illumina HiSeq 4000,PAIRED,cDNA,TRANSCRIPTOMIC,Mus musculus,ILLUMINA,2019-08-07T00:00:00Z,2018-06-05T13:45:00Z,1,GSM3176457,Primary mouse bone marrow derived macrophages (BMDM),none,SRP149804,C57BL/6,4h,LPS/IFNg,
SRR7264068,RNA-Seq,100,5858240095,PRJNA474681,SAMN09369005,2569483928,Primary mouse bone marrow derived macrophages (BMDM),GEO,public,"fastq,run.zq,sra","gs,ncbi,s3","gs.us-east1,ncbi.public,s3.us-east-1",SRX4168204,GSM3176458,Illumina HiSeq 4000,PAIRED,cDNA,TRANSCRIPTOMIC,Mus musculus,ILLUMINA,2019-08-07T00:00:00Z,2018-06-05T14:00:00Z,1,GSM3176458,Primary mouse bone marrow derived macrophages (BMDM),none,SRP149804,C57BL/6,4h,LPS/IFNg,
SRR7264069,RNA-Seq,100,4446579067,PRJNA474681,SAMN09369003,1907969566,Primary mouse bone marrow derived macrophages (BMDM),GEO,public,"fastq,run.zq,sra","gs,ncbi,s3","gs.us-east1,ncbi.public,s3.us-east-1",SRX4168205,GSM3176459,Illumina HiSeq 4000,PAIRED,cDNA,TRANSCRIPTOMIC,Mus musculus,ILLUMINA,2019-08-07T00:00:00Z,2018-06-05T13:29:00Z,1,GSM3176459,Primary mouse bone marrow derived macrophages (BMDM),none,SRP149804,C57BL/6,8h,LPS/IFNg,
SRR7264070,RNA-Seq,100,4786577488,PRJNA474681,SAMN09369001,2068830422,Primary mouse bone marrow derived macrophages (BMDM),GEO,public,"fastq,run.zq,sra","gs,ncbi,s3","gs.us-east1,ncbi.public,s3.us-east-1",SRX4168206,GSM3176460,Illumina HiSeq 4000,PAIRED,cDNA,TRANSCRIPTOMIC,Mus musculus,ILLUMINA,2019-08-07T00:00:00Z,2018-06-05T13:42:00Z,1,GSM3176460,Primary mouse bone marrow derived macrophages (BMDM),none,SRP149804,C57BL/6,8h,LPS/IFNg,
SRR7264071,RNA-Seq,100,4562478725,PRJNA474681,SAMN09368999,1962928041,Primary mouse bone marrow derived macrophages (BMDM),GEO,public,"fastq,run.zq,sra","gs,ncbi,s3","gs.us-east1,ncbi.public,s3.us-east-1",SRX4168207,GSM3176461,Illumina HiSeq 4000,PAIRED,cDNA,TRANSCRIPTOMIC,Mus musculus,ILLUMINA,2019-08-07T00:00:00Z,2018-06-05T13:39:00Z,1,GSM3176461,Primary mouse bone marrow derived macrophages (BMDM),none,SRP149804,C57BL/6,8h,LPS/IFNg,
SRR7264072,RNA-Seq,100,4758135148,PRJNA474681,SAMN09368997,2038366850,Primary mouse bone marrow derived macrophages (BMDM),GEO,public,"fastq,run.zq,sra","gs,ncbi,s3","gs.us-east1,ncbi.public,s3.us-east-1",SRX4168208,GSM3176462,Illumina HiSeq 4000,PAIRED,cDNA,TRANSCRIPTOMIC,Mus musculus,ILLUMINA,2019-08-07T00:00:00Z,2018-06-05T13:31:00Z,1,GSM3176462,Primary mouse bone marrow derived macrophages (BMDM),none,SRP149804,C57BL/6,8h,LPS/IFNg,
SRR7264073,RNA-Seq,100,4561750529,PRJNA474681,SAMN09368996,1983295490,Primary mouse bone marrow derived macrophages (BMDM),GEO,public,"fastq,run.zq,sra","gs,ncbi,s3","gs.us-east1,ncbi.public,s3.us-east-1",SRX4168209,GSM3176463,Illumina HiSeq 4000,PAIRED,cDNA,TRANSCRIPTOMIC,Mus musculus,ILLUMINA,2019-08-07T00:00:00Z,2018-06-05T13:26:00Z,1,GSM3176463,Primary mouse bone marrow derived macrophages (BMDM),none,SRP149804,C57BL/6,16h,LPS/IFNg,
SRR7264074,RNA-Seq,100,4875098540,PRJNA474681,SAMN09368994,2095120929,Primary mouse bone marrow derived macrophages (BMDM),GEO,public,"fastq,run.zq,sra","gs,ncbi,s3","gs.us-east1,ncbi.public,s3.us-east-1",SRX4168210,GSM3176464,Illumina HiSeq 4000,PAIRED,cDNA,TRANSCRIPTOMIC,Mus musculus,ILLUMINA,2019-08-07T00:00:00Z,2018-06-05T13:38:00Z,1,GSM3176464,Primary mouse bone marrow derived macrophages (BMDM),none,SRP149804,C57BL/6,16h,LPS/IFNg,
SRR7264075,RNA-Seq,100,5578644653,PRJNA474681,SAMN09368992,2431922284,Primary mouse bone marrow derived macrophages (BMDM),GEO,public,"fastq,run.zq,sra","gs,ncbi,s3","gs.us-east1,ncbi.public,s3.us-east-1",SRX4168211,GSM3176465,Illumina HiSeq 4000,PAIRED,cDNA,TRANSCRIPTOMIC,Mus musculus,ILLUMINA,2019-08-07T00:00:00Z,2018-06-05T13:37:00Z,1,GSM3176465,Primary mouse bone marrow derived macrophages (BMDM),none,SRP149804,C57BL/6,16h,LPS/IFNg,
SRR7264076,RNA-Seq,100,4797924380,PRJNA474681,SAMN09368990,2084674876,Primary mouse bone marrow derived macrophages (BMDM),GEO,public,"fastq,run.zq,sra","gs,ncbi,s3","gs.us-east1,ncbi.public,s3.us-east-1",SRX4168212,GSM3176466,Illumina HiSeq 4000,PAIRED,cDNA,TRANSCRIPTOMIC,Mus musculus,ILLUMINA,2019-08-07T00:00:00Z,2018-06-05T13:47:00Z,1,GSM3176466,Primary mouse bone marrow derived macrophages (BMDM),none,SRP149804,C57BL/6,16h,LPS/IFNg,
SRR7264077,RNA-Seq,100,4504585153,PRJNA474681,SAMN09368988,1966378329,Primary mouse bone marrow derived macrophages (BMDM),GEO,public,"fastq,run.zq,sra","gs,ncbi,s3","gs.us-east1,ncbi.public,s3.us-east-1",SRX4168213,GSM3176467,Illumina HiSeq 4000,PAIRED,cDNA,TRANSCRIPTOMIC,Mus musculus,ILLUMINA,2019-08-07T00:00:00Z,2018-06-05T13:34:00Z,1,GSM3176467,Primary mouse bone marrow derived macrophages (BMDM),none,SRP149804,C57BL/6,24h,LPS/IFNg,
SRR7264078,RNA-Seq,100,4676195177,PRJNA474681,SAMN09368987,2021891304,Primary mouse bone marrow derived macrophages (BMDM),GEO,public,"fastq,run.zq,sra","gs,ncbi,s3","gs.us-east1,ncbi.public,s3.us-east-1",SRX4168214,GSM3176468,Illumina HiSeq 4000,PAIRED,cDNA,TRANSCRIPTOMIC,Mus musculus,ILLUMINA,2019-08-07T00:00:00Z,2018-06-05T13:29:00Z,1,GSM3176468,Primary mouse bone marrow derived macrophages (BMDM),none,SRP149804,C57BL/6,24h,LPS/IFNg,
SRR7264079,RNA-Seq,100,3776202555,PRJNA474681,SAMN09368985,1640405752,Primary mouse bone marrow derived macrophages (BMDM),GEO,public,"fastq,run.zq,sra","gs,ncbi,s3","gs.us-east1,ncbi.public,s3.us-east-1",SRX4168215,GSM3176469,Illumina HiSeq 4000,PAIRED,cDNA,TRANSCRIPTOMIC,Mus musculus,ILLUMINA,2019-08-07T00:00:00Z,2018-06-05T13:23:00Z,1,GSM3176469,Primary mouse bone marrow derived macrophages (BMDM),none,SRP149804,C57BL/6,24h,LPS/IFNg,
SRR7264080,RNA-Seq,100,4133254022,PRJNA474681,SAMN09368984,1777304826,Primary mouse bone marrow derived macrophages (BMDM),GEO,public,"fastq,run.zq,sra","gs,ncbi,s3","gs.us-east1,ncbi.public,s3.us-east-1",SRX4168216,GSM3176470,Illumina HiSeq 4000,PAIRED,cDNA,TRANSCRIPTOMIC,Mus musculus,ILLUMINA,2019-08-07T00:00:00Z,2018-06-05T13:30:00Z,1,GSM3176470,Primary mouse bone marrow derived macrophages (BMDM),none,SRP149804,C57BL/6,24h,LPS/IFNg,
SRR7264081,RNA-Seq,100,4229630251,PRJNA474681,SAMN09368982,1836267185,Primary mouse bone marrow derived macrophages (BMDM),GEO,public,"fastq,run.zq,sra","gs,ncbi,s3","gs.us-east1,ncbi.public,s3.us-east-1",SRX4168217,GSM3176471,Illumina HiSeq 4000,PAIRED,cDNA,TRANSCRIPTOMIC,Mus musculus,ILLUMINA,2019-08-07T00:00:00Z,2018-06-05T13:39:00Z,1,GSM3176471,Primary mouse bone marrow derived macrophages (BMDM),none,SRP149804,C57BL/6,8h,"LPS/IFNg\, lactic acid (LA)",
SRR7264082,RNA-Seq,100,4786318279,PRJNA474681,SAMN09368980,2127053979,Primary mouse bone marrow derived macrophages (BMDM),GEO,public,"fastq,run.zq,sra","gs,ncbi,s3","gs.us-east1,ncbi.public,s3.us-east-1",SRX4168218,GSM3176472,Illumina HiSeq 4000,PAIRED,cDNA,TRANSCRIPTOMIC,Mus musculus,ILLUMINA,2019-08-07T00:00:00Z,2018-06-05T13:37:00Z,1,GSM3176472,Primary mouse bone marrow derived macrophages (BMDM),none,SRP149804,C57BL/6,8h,"LPS/IFNg\, lactic acid (LA)",
SRR7264083,RNA-Seq,100,6112985941,PRJNA474681,SAMN09368979,2681920609,Primary mouse bone marrow derived macrophages (BMDM),GEO,public,"fastq,run.zq,sra","gs,ncbi,s3","gs.us-east1,ncbi.public,s3.us-east-1",SRX4168219,GSM3176473,Illumina HiSeq 4000,PAIRED,cDNA,TRANSCRIPTOMIC,Mus musculus,ILLUMINA,2019-08-07T00:00:00Z,2018-06-05T14:28:00Z,1,GSM3176473,Primary mouse bone marrow derived macrophages (BMDM),none,SRP149804,C57BL/6,8h,"LPS/IFNg\, lactic acid (LA)",
SRR7264084,RNA-Seq,100,4609978673,PRJNA474681,SAMN09368977,2042814851,Primary mouse bone marrow derived macrophages (BMDM),GEO,public,"fastq,run.zq,sra","gs,ncbi,s3","gs.us-east1,ncbi.public,s3.us-east-1",SRX4168220,GSM3176474,Illumina HiSeq 4000,PAIRED,cDNA,TRANSCRIPTOMIC,Mus musculus,ILLUMINA,2019-08-07T00:00:00Z,2018-06-05T13:31:00Z,1,GSM3176474,Primary mouse bone marrow derived macrophages (BMDM),none,SRP149804,C57BL/6,8h,"LPS/IFNg\, lactic acid (LA)",
SRR7264085,RNA-Seq,100,5325300030,PRJNA474681,SAMN09368975,2351637817,Primary mouse bone marrow derived macrophages (BMDM),GEO,public,"fastq,run.zq,sra","gs,ncbi,s3","gs.us-east1,ncbi.public,s3.us-east-1",SRX4168221,GSM3176475,Illumina HiSeq 4000,PAIRED,cDNA,TRANSCRIPTOMIC,Mus musculus,ILLUMINA,2019-08-07T00:00:00Z,2018-06-05T13:44:00Z,1,GSM3176475,Primary mouse bone marrow derived macrophages (BMDM),none,SRP149804,C57BL/6,16h,"LPS/IFNg\, lactic acid (LA)",
SRR7264086,RNA-Seq,100,4024234999,PRJNA474681,SAMN09368974,1809596613,Primary mouse bone marrow derived macrophages (BMDM),GEO,public,"fastq,run.zq,sra","gs,ncbi,s3","gs.us-east1,ncbi.public,s3.us-east-1",SRX4168222,GSM3176476,Illumina HiSeq 4000,PAIRED,cDNA,TRANSCRIPTOMIC,Mus musculus,ILLUMINA,2019-08-07T00:00:00Z,2018-06-05T13:22:00Z,1,GSM3176476,Primary mouse bone marrow derived macrophages (BMDM),none,SRP149804,C57BL/6,16h,"LPS/IFNg\, lactic acid (LA)",
SRR7264087,RNA-Seq,100,4408244489,PRJNA474681,SAMN09368972,1950607020,Primary mouse bone marrow derived macrophages (BMDM),GEO,public,"fastq,run.zq,sra","gs,ncbi,s3","gs.us-east1,ncbi.public,s3.us-east-1",SRX4168223,GSM3176477,Illumina HiSeq 4000,PAIRED,cDNA,TRANSCRIPTOMIC,Mus musculus,ILLUMINA,2019-08-07T00:00:00Z,2018-06-05T13:29:00Z,1,GSM3176477,Primary mouse bone marrow derived macrophages (BMDM),none,SRP149804,C57BL/6,16h,"LPS/IFNg\, lactic acid (LA)",
SRR7264088,RNA-Seq,100,3672001646,PRJNA474681,SAMN09368970,1630683368,Primary mouse bone marrow derived macrophages (BMDM),GEO,public,"fastq,run.zq,sra","gs,ncbi,s3","gs.us-east1,ncbi.public,s3.us-east-1",SRX4168224,GSM3176478,Illumina HiSeq 4000,PAIRED,cDNA,TRANSCRIPTOMIC,Mus musculus,ILLUMINA,2019-08-07T00:00:00Z,2018-06-05T13:22:00Z,1,GSM3176478,Primary mouse bone marrow derived macrophages (BMDM),none,SRP149804,C57BL/6,16h,"LPS/IFNg\, lactic acid (LA)",
SRR7264089,RNA-Seq,100,3635452430,PRJNA474681,SAMN09368969,1584050337,Primary mouse bone marrow derived macrophages (BMDM),GEO,public,"fastq,run.zq,sra","gs,ncbi,s3","gs.us-east1,ncbi.public,s3.us-east-1",SRX4168225,GSM3176479,Illumina HiSeq 4000,PAIRED,cDNA,TRANSCRIPTOMIC,Mus musculus,ILLUMINA,2019-08-07T00:00:00Z,2018-06-05T13:26:00Z,1,GSM3176479,Primary mouse bone marrow derived macrophages (BMDM),none,SRP149804,C57BL/6,24h,"LPS/IFNg\, lactic acid (LA)",
SRR7264090,RNA-Seq,100,4647065496,PRJNA474681,SAMN09368967,2043009304,Primary mouse bone marrow derived macrophages (BMDM),GEO,public,"fastq,run.zq,sra","gs,ncbi,s3","gs.us-east1,ncbi.public,s3.us-east-1",SRX4168226,GSM3176480,Illumina HiSeq 4000,PAIRED,cDNA,TRANSCRIPTOMIC,Mus musculus,ILLUMINA,2019-08-07T00:00:00Z,2018-06-05T13:28:00Z,1,GSM3176480,Primary mouse bone marrow derived macrophages (BMDM),none,SRP149804,C57BL/6,24h,"LPS/IFNg\, lactic acid (LA)",
SRR7264091,RNA-Seq,100,5712362529,PRJNA474681,SAMN09368965,2479891603,Primary mouse bone marrow derived macrophages (BMDM),GEO,public,"fastq,run.zq,sra","gs,ncbi,s3","gs.us-east1,ncbi.public,s3.us-east-1",SRX4168227,GSM3176481,Illumina HiSeq 4000,PAIRED,cDNA,TRANSCRIPTOMIC,Mus musculus,ILLUMINA,2019-08-07T00:00:00Z,2018-06-05T13:49:00Z,1,GSM3176481,Primary mouse bone marrow derived macrophages (BMDM),none,SRP149804,C57BL/6,24h,"LPS/IFNg\, lactic acid (LA)",
SRR7264092,RNA-Seq,100,4669932739,PRJNA474681,SAMN09368964,2060329221,Primary mouse bone marrow derived macrophages (BMDM),GEO,public,"fastq,run.zq,sra","gs,ncbi,s3","gs.us-east1,ncbi.public,s3.us-east-1",SRX4168228,GSM3176482,Illumina HiSeq 4000,PAIRED,cDNA,TRANSCRIPTOMIC,Mus musculus,ILLUMINA,2019-08-07T00:00:00Z,2018-06-05T13:30:00Z,1,GSM3176482,Primary mouse bone marrow derived macrophages (BMDM),none,SRP149804,C57BL/6,24h,"LPS/IFNg\, lactic acid (LA)",
