geo_accession	run_accession	experiment	biosample	bioproject	sra_study	organism	source_name	cell_type	strain_background	assay_type	library_layout	library_selection	library_source	instrument	time	treatment
GSM3176451	SRR7264061	SRX4168197	SAMN09369017	PRJNA474681	SRP149804	Mus musculus	Primary mouse bone marrow derived macrophages (BMDM)	Primary mouse bone marrow derived macrophages (BMDM)	C57BL/6	RNA-Seq	PAIRED	cDNA	TRANSCRIPTOMIC	Illumina HiSeq 4000	0h	LPS/IFNg
GSM3176452	SRR7264062	SRX4168198	SAMN09369015	PRJNA474681	SRP149804	Mus musculus	Primary mouse bone marrow derived macrophages (BMDM)	Primary mouse bone marrow derived macrophages (BMDM)	C57BL/6	RNA-Seq	PAIRED	cDNA	TRANSCRIPTOMIC	Illumina HiSeq 4000	0h	LPS/IFNg
GSM3176453	SRR7264063	SRX4168199	SAMN09369013	PRJNA474681	SRP149804	Mus musculus	Primary mouse bone marrow derived macrophages (BMDM)	Primary mouse bone marrow derived macrophages (BMDM)	C57BL/6	RNA-Seq	PAIRED	cDNA	TRANSCRIPTOMIC	Illumina HiSeq 4000	0h	LPS/IFNg
GSM3176454	SRR7264064	SRX4168200	SAMN09369011	PRJNA474681	SRP149804	Mus musculus	Primary mouse bone marrow derived macrophages (BMDM)	Primary mouse bone marrow derived macrophages (BMDM)	C57BL/6	RNA-Seq	PAIRED	cDNA	TRANSCRIPTOMIC	Illumina HiSeq 4000	0h	LPS/IFNg
GSM3176455	SRR7264065	SRX4168201	SAMN09369010	PRJNA474681	SRP149804	Mus musculus	Primary mouse bone marrow derived macrophages (BMDM)	Primary mouse bone marrow derived macrophages (BMDM)	C57BL/6	RNA-Seq	PAIRED	cDNA	TRANSCRIPTOMIC	Illumina HiSeq 4000	4h	LPS/IFNg
GSM3176456	SRR7264066	SRX4168202	SAMN09369008	PRJNA474681	SRP149804	Mus musculus	Primary mouse bone marrow derived macrophages (BMDM)	Primary mouse bone marrow derived macrophages (BMDM)	C57BL/6	RNA-Seq	PAIRED	cDNA	TRANSCRIPTOMIC	Illumina HiSeq 4000	4h	LPS/IFNg
GSM3176457	SRR7264067	SRX4168203	SAMN09369006	PRJNA474681	SRP149804	Mus musculus	Primary mouse bone marrow derived macrophages (BMDM)	Primary mouse bone marrow derived macrophages (BMDM)	C57BL/6	RNA-Seq	PAIRED	cDNA	TRANSCRIPTOMIC	Illumina HiSeq 4000	4h	LPS/IFNg
GSM3176458	SRR7264068	SRX4168204	SAMN09369005	PRJNA474681	SRP149804	Mus musculus	Primary mouse bone marrow derived macrophages (BMDM)	Primary mouse bone marrow derived macrophages (BMDM)	C57BL/6	RNA-Seq	PAIRED	cDNA	TRANSCRIPTOMIC	Illumina HiSeq 4000	4h	LPS/IFNg
GSM3176459	SRR7264069	SRX4168205	SAMN09369003	PRJNA474681	SRP149804	Mus musculus	Primary mouse bone marrow derived macrophages (BMDM)	Primary mouse bone marrow derived macrophages (BMDM)	C57BL/6	RNA-Seq	PAIRED	cDNA	TRANSCRIPTOMIC	Illumina HiSeq 4000	8h	LPS/IFNg
GSM3176460	SRR7264070	SRX4168206	SAMN09369001	PRJNA474681	SRP149804	Mus musculus	Primary mouse bone marrow derived macrophages (BMDM)	Primary mouse bone marrow derived macrophages (BMDM)	C57BL/6	RNA-Seq	PAIRED	cDNA	TRANSCRIPTOMIC	Illumina HiSeq 4000	8h	LPS/IFNg
GSM3176461	SRR7264071	SRX4168207	SAMN09368999	PRJNA474681	SRP149804	Mus musculus	Primary mouse bone marrow derived macrophages (BMDM)	Primary mouse bone marrow derived macrophages (BMDM)	C57BL/6	RNA-Seq	PAIRED	cDNA	TRANSCRIPTOMIC	Illumina HiSeq 4000	8h	LPS/IFNg
GSM3176462	SRR7264072	SRX4168208	SAMN09368997	PRJNA474681	SRP149804	Mus musculus	Primary mouse bone marrow derived macrophages (BMDM)	Primary mouse bone marrow derived macrophages (BMDM)	C57BL/6	RNA-Seq	PAIRED	cDNA	TRANSCRIPTOMIC	Illumina HiSeq 4000	8h	LPS/IFNg
GSM3176463	SRR7264073	SRX4168209	SAMN09368996	PRJNA474681	SRP149804	Mus musculus	Primary mouse bone marrow derived macrophages (BMDM)	Primary mouse bone marrow derived macrophages (BMDM)	C57BL/6	RNA-Seq	PAIRED	cDNA	TRANSCRIPTOMIC	Illumina HiSeq 4000	16h	LPS/IFNg
GSM3176464	SRR7264074	SRX4168210	SAMN09368994	PRJNA474681	SRP149804	Mus musculus	Primary mouse bone marrow derived macrophages (BMDM)	Primary mouse bone marrow derived macrophages (BMDM)	C57BL/6	RNA-Seq	PAIRED	cDNA	TRANSCRIPTOMIC	Illumina HiSeq 4000	16h	LPS/IFNg
GSM3176465	SRR7264075	SRX4168211	SAMN09368992	PRJNA474681	SRP149804	Mus musculus	Primary mouse bone marrow derived macrophages (BMDM)	Primary mouse bone marrow derived macrophages (BMDM)	C57BL/6	RNA-Seq	PAIRED	cDNA	TRANSCRIPTOMIC	Illumina HiSeq 4000	16h	LPS/IFNg
GSM3176466	SRR7264076	SRX4168212	SAMN09368990	PRJNA474681	SRP149804	Mus musculus	Primary mouse bone marrow derived macrophages (BMDM)	Primary mouse bone marrow derived macrophages (BMDM)	C57BL/6	RNA-Seq	PAIRED	cDNA	TRANSCRIPTOMIC	Illumina HiSeq 4000	16h	LPS/IFNg
GSM3176467	SRR7264077	SRX4168213	SAMN09368988	PRJNA474681	SRP149804	Mus musculus	Primary mouse bone marrow derived macrophages (BMDM)	Primary mouse bone marrow derived macrophages (BMDM)	C57BL/6	RNA-Seq	PAIRED	cDNA	TRANSCRIPTOMIC	Illumina HiSeq 4000	24h	LPS/IFNg
GSM3176468	SRR7264078	SRX4168214	SAMN09368987	PRJNA474681	SRP149804	Mus musculus	Primary mouse bone marrow derived macrophages (BMDM)	Primary mouse bone marrow derived macrophages (BMDM)	C57BL/6	RNA-Seq	PAIRED	cDNA	TRANSCRIPTOMIC	Illumina HiSeq 4000	24h	LPS/IFNg
GSM3176469	SRR7264079	SRX4168215	SAMN09368985	PRJNA474681	SRP149804	Mus musculus	Primary mouse bone marrow derived macrophages (BMDM)	Primary mouse bone marrow derived macrophages (BMDM)	C57BL/6	RNA-Seq	PAIRED	cDNA	TRANSCRIPTOMIC	Illumina HiSeq 4000	24h	LPS/IFNg
GSM3176470	SRR7264080	SRX4168216	SAMN09368984	PRJNA474681	SRP149804	Mus musculus	Primary mouse bone marrow derived macrophages (BMDM)	Primary mouse bone marrow derived macrophages (BMDM)	C57BL/6	RNA-Seq	PAIRED	cDNA	TRANSCRIPTOMIC	Illumina HiSeq 4000	24h	LPS/IFNg
GSM3176471	SRR7264081	SRX4168217	SAMN09368982	PRJNA474681	SRP149804	Mus musculus	Primary mouse bone marrow derived macrophages (BMDM)	Primary mouse bone marrow derived macrophages (BMDM)	C57BL/6	RNA-Seq	PAIRED	cDNA	TRANSCRIPTOMIC	Illumina HiSeq 4000	8h	LPS/IFNg, lactic acid (LA)
GSM3176472	SRR7264082	SRX4168218	SAMN09368980	PRJNA474681	SRP149804	Mus musculus	Primary mouse bone marrow derived macrophages (BMDM)	Primary mouse bone marrow derived macrophages (BMDM)	C57BL/6	RNA-Seq	PAIRED	cDNA	TRANSCRIPTOMIC	Illumina HiSeq 4000	8h	LPS/IFNg, lactic acid (LA)
GSM3176473	SRR7264083	SRX4168219	SAMN09368979	PRJNA474681	SRP149804	Mus musculus	Primary mouse bone marrow derived macrophages (BMDM)	Primary mouse bone marrow derived macrophages (BMDM)	C57BL/6	RNA-Seq	PAIRED	cDNA	TRANSCRIPTOMIC	Illumina HiSeq 4000	8h	LPS/IFNg, lactic acid (LA)
GSM3176474	SRR7264084	SRX4168220	SAMN09368977	PRJNA474681	SRP149804	Mus musculus	Primary mouse bone marrow derived macrophages (BMDM)	Primary mouse bone marrow derived macrophages (BMDM)	C57BL/6	RNA-Seq	PAIRED	cDNA	TRANSCRIPTOMIC	Illumina HiSeq 4000	8h	LPS/IFNg, lactic acid (LA)
GSM3176475	SRR7264085	SRX4168221	SAMN09368975	PRJNA474681	SRP149804	Mus musculus	Primary mouse bone marrow derived macrophages (BMDM)	Primary mouse bone marrow derived macrophages (BMDM)	C57BL/6	RNA-Seq	PAIRED	cDNA	TRANSCRIPTOMIC	Illumina HiSeq 4000	16h	LPS/IFNg, lactic acid (LA)
GSM3176476	SRR7264086	SRX4168222	SAMN09368974	PRJNA474681	SRP149804	Mus musculus	Primary mouse bone marrow derived macrophages (BMDM)	Primary mouse bone marrow derived macrophages (BMDM)	C57BL/6	RNA-Seq	PAIRED	cDNA	TRANSCRIPTOMIC	Illumina HiSeq 4000	16h	LPS/IFNg, lactic acid (LA)
GSM3176477	SRR7264087	SRX4168223	SAMN09368972	PRJNA474681	SRP149804	Mus musculus	Primary mouse bone marrow derived macrophages (BMDM)	Primary mouse bone marrow derived macrophages (BMDM)	C57BL/6	RNA-Seq	PAIRED	cDNA	TRANSCRIPTOMIC	Illumina HiSeq 4000	16h	LPS/IFNg, lactic acid (LA)
GSM3176478	SRR7264088	SRX4168224	SAMN09368970	PRJNA474681	SRP149804	Mus musculus	Primary mouse bone marrow derived macrophages (BMDM)	Primary mouse bone marrow derived macrophages (BMDM)	C57BL/6	RNA-Seq	PAIRED	cDNA	TRANSCRIPTOMIC	Illumina HiSeq 4000	16h	LPS/IFNg, lactic acid (LA)
GSM3176479	SRR7264089	SRX4168225	SAMN09368969	PRJNA474681	SRP149804	Mus musculus	Primary mouse bone marrow derived macrophages (BMDM)	Primary mouse bone marrow derived macrophages (BMDM)	C57BL/6	RNA-Seq	PAIRED	cDNA	TRANSCRIPTOMIC	Illumina HiSeq 4000	24h	LPS/IFNg, lactic acid (LA)
GSM3176480	SRR7264090	SRX4168226	SAMN09368967	PRJNA474681	SRP149804	Mus musculus	Primary mouse bone marrow derived macrophages (BMDM)	Primary mouse bone marrow derived macrophages (BMDM)	C57BL/6	RNA-Seq	PAIRED	cDNA	TRANSCRIPTOMIC	Illumina HiSeq 4000	24h	LPS/IFNg, lactic acid (LA)
GSM3176481	SRR7264091	SRX4168227	SAMN09368965	PRJNA474681	SRP149804	Mus musculus	Primary mouse bone marrow derived macrophages (BMDM)	Primary mouse bone marrow derived macrophages (BMDM)	C57BL/6	RNA-Seq	PAIRED	cDNA	TRANSCRIPTOMIC	Illumina HiSeq 4000	24h	LPS/IFNg, lactic acid (LA)
GSM3176482	SRR7264092	SRX4168228	SAMN09368964	PRJNA474681	SRP149804	Mus musculus	Primary mouse bone marrow derived macrophages (BMDM)	Primary mouse bone marrow derived macrophages (BMDM)	C57BL/6	RNA-Seq	PAIRED	cDNA	TRANSCRIPTOMIC	Illumina HiSeq 4000	24h	LPS/IFNg, lactic acid (LA)
