sample_id,PC1,PC2,PC3,PC4,PC5,PC6,PC7,PC8,PC9,PC10,PC11,PC12,PC13,PC14,PC15,PC16,PC17,PC18,PC19,PC20,PC21,PC22,PC23,PC24,PC25,PC26,PC27,PC28,PC29,PC30,PC31,PC32,geo_accession,time,treatment,lactate,condition,srr_number,input_reads,unique_reads,unique_percent,multi_reads,multi_percent,assigned_reads,total_featurecounts,assigned_percent_fc,unassigned_no_features,assay_type,instrument,platform,library_layout,library_selection,library_source,center_name,bioproject,sra_study,biosample,avg_spot_len,bases,bytes,release_date,create_date,sra_time,sra_treatment,log10_input_reads,log10_assigned_reads
SRR7264061,-47.88148607290855,-102.54520288884507,12.326655127176457,3.024402542170172,-5.183380689256962,-3.6662513143125595,0.7116104504126756,-4.939304096933844,7.524033117287595,-5.116342606735964,1.1286088264823253,-3.500177077595856,-9.868927129986487,2.4737391922477614,2.242300088265654,0.9387770300171856,5.055981324546453,-2.433543038307466,-3.0255520818593675,-4.2451674255790195,-5.606270737172855,0.0018444588823012253,4.407254910370289,2.9728628590795734,0.15281253357981217,1.0033551230735234,1.3302158258232153,-3.218272399260002,-2.906848365679592,-0.48100448227705483,3.4201371325563548,8.312101007490469e-14,GSM3176451,0h,LPS/IFNg,no_LA,BMDM_0h,7264061,37956949,33071796,87.13,3145753,8.29,39369376,42050211,93.6246812174141,1633917,RNA-Seq,Illumina HiSeq 4000,ILLUMINA,PAIRED,cDNA,TRANSCRIPTOMIC,GEO,PRJNA474681,SRP149804,SAMN09369017,100,3907643384,1826041056,2019-08-07T00:00:00Z,2018-06-05T13:23:00Z,0h,LPS/IFNg,7.579291296333857,7.595158531328092
SRR7264062,-49.268120294337116,-103.40431459390227,13.398379344202054,5.00045997534005,-3.242488601826593,-3.4229949805592863,1.2106802482306083,-0.025711207615495196,-3.350191740283571,1.0911522179061206,1.860839758643601,-1.9101688056849344,1.8383007544040582,1.7549274647971091,-0.7226091043316774,0.4508587173327605,1.4453682742972116,0.6477348101146084,-4.209191744215096,0.2559376828821808,1.9821634463524542,-0.8144186083770926,1.1031106868263665,1.0972671799216374,-3.5101817860714433,0.7580157539409327,-0.3952162338812182,10.423218741101993,5.163178340037796,0.5166338540760447,-6.90342256991738,6.046552147864759e-14,GSM3176452,0h,LPS/IFNg,no_LA,BMDM_0h,7264062,36385681,31419751,86.35,2942664,8.09,36880339,39868804,92.50425219678021,2009103,RNA-Seq,Illumina HiSeq 4000,ILLUMINA,PAIRED,cDNA,TRANSCRIPTOMIC,GEO,PRJNA474681,SRP149804,SAMN09369015,100,3730955096,1646344688,2019-08-07T00:00:00Z,2018-06-05T13:25:00Z,0h,LPS/IFNg,7.560930507655835,7.566794904386818
SRR7264063,-49.5007221409625,-104.78405482414269,17.415941728618094,3.951537855937169,1.4615687522176204,-0.6662903417306505,3.389159023247462,4.218741384741012,-2.854139502961323,2.051087108244768,3.0237493997740814,1.385321451477978,8.597635393052839,3.0173873740510797,-1.226132462646986,0.27953863848579596,-1.831526899051402,6.5573237397978765,0.9354652163734003,-1.8283980214367621,4.281255533911849,-5.658342075962936,-5.198829578997527,1.3052529650472637,-0.5824455077503446,-1.0424921473681226,-0.6160423805229419,-6.666999079039799,-2.8338514919308015,0.5010854657267,2.5340397762946476,9.216238883169581e-14,GSM3176453,0h,LPS/IFNg,no_LA,BMDM_0h,7264063,41274340,35861979,86.89,3267349,7.92,41831186,45257087,92.4301336495652,2331753,RNA-Seq,Illumina HiSeq 4000,ILLUMINA,PAIRED,cDNA,TRANSCRIPTOMIC,GEO,PRJNA474681,SRP149804,SAMN09369013,100,4232646560,1847854203,2019-08-07T00:00:00Z,2018-06-05T13:42:00Z,0h,LPS/IFNg,7.615680137376388,7.621500177895327
SRR7264064,-52.73440336714534,-100.96835527285702,14.85593620600714,6.342096060163688,-1.8961760550461082,-4.201434278565703,-2.8486938266598902,0.5137056825724543,0.5226359191004416,2.9419573325668775,-6.141263048723386,4.431471074486647,-0.3744259553416053,-7.214157142109905,-0.10360188707031322,-1.7715861362287448,-4.659392286217461,-4.772967766509097,6.33612625215096,5.845561493417075,-0.8821677669130679,6.17836540067476,-0.03898035519876861,-5.291048298028746,3.9672638496567574,-0.4944971262277987,-0.15505509754446056,-0.4113181521804643,0.4748172767545639,-0.6248039959155955,0.9102018969181137,6.061123825062964e-14,GSM3176454,0h,LPS/IFNg,no_LA,BMDM_0h,7264064,36583144,31622471,86.44,2903495,7.94,37275718,39929143,93.35466578884501,1658619,RNA-Seq,Illumina HiSeq 4000,ILLUMINA,PAIRED,cDNA,TRANSCRIPTOMIC,GEO,PRJNA474681,SRP149804,SAMN09369011,100,3748171075,1645983537,2019-08-07T00:00:00Z,2018-06-05T13:32:00Z,0h,LPS/IFNg,7.563281026541612,7.571426017529052
SRR7264065,96.62544906071925,-30.94917501202619,-37.774413456262884,-5.782853637467532,14.953907169750899,-2.782402633022577,-5.5971361771441694,0.19787499354952234,-6.498024280888671,2.1840176793002115,7.396425338993975,-1.7581330538414297,-7.860596618114944,-2.1508837744805835,-1.683517272488521,2.4260498516196014,1.6514449573990226,0.7324926002124417,-0.7150606377545808,-0.7485164634361718,0.7584312490435847,-0.8066128227416787,-3.7749763070405313,-6.731903537754778,0.01393331543951272,-5.0903937159457,-7.272637417537987,1.9015414868131828,-0.7260474496317941,0.8876470428746209,2.8048374336770094,2.420980083073232e-14,GSM3176455,4h,LPS/IFNg,no_LA,M1_4h,7264065,52847763,45805670,86.67,4205271,7.96,53786196,57701344,93.21480622704387,2507698,RNA-Seq,Illumina HiSeq 4000,ILLUMINA,PAIRED,cDNA,TRANSCRIPTOMIC,GEO,PRJNA474681,SRP149804,SAMN09369010,100,5410773378,2358061141,2019-08-07T00:00:00Z,2018-06-05T13:51:00Z,4h,LPS/IFNg,7.723026608723531,7.7306708301225555
SRR7264066,99.72185471271553,-30.836786035103753,-51.22668597815399,-7.628639132053799,8.410219066004014,0.10132291388668269,0.5688146130045858,-0.11811095197774124,1.937188065995419,0.47202388935034284,-4.018954712883761,0.7685093084911502,6.917316076805298,1.2973727553587853,2.5387948784996794,0.09500543330534714,-0.9535059654796176,-3.534619661272706,-1.6906245412706387,7.797101242442657,-4.401202913643298,-1.6909624603803275,3.790916434502177,6.283312169238763,-4.082149053915492,1.2479291847285454,-6.1812742597301735,-0.8973912966188595,-2.3956369813236815,-0.013734146833652983,0.25949946848050853,5.491787580247376e-14,GSM3176456,4h,LPS/IFNg,no_LA,M1_4h,7264066,51111434,43593351,85.29,4129817,8.08,51541941,55206777,93.36161935336308,2292760,RNA-Seq,Illumina HiSeq 4000,ILLUMINA,PAIRED,cDNA,TRANSCRIPTOMIC,GEO,PRJNA474681,SRP149804,SAMN09369008,100,5258836267,2340028770,2019-08-07T00:00:00Z,2018-06-05T13:32:00Z,4h,LPS/IFNg,7.7085180658417665,7.712160769467442
SRR7264067,98.12731979197542,-29.913186996569742,-42.33732544900677,-8.389837270286904,11.47011275715091,1.9814904290388202,2.2932637164987204,0.31636928449308077,3.5589823233263775,-2.379042709643957,-1.882749737601875,0.5671599388018064,-0.4289358072765792,0.9830251386135779,0.7752246019364986,-1.5992165054133367,-0.3697697624540144,2.71108442779256,1.4050433503283402,-3.617684569283995,2.1024943301228527,0.008126232294969699,-1.0787822961064102,-0.023901840643317185,3.490349400773519,2.7022873560730467,3.9354101280447185,-0.9633323260728349,5.460140390275706,-11.335425273770788,-0.9204640095493061,6.183942247162122e-14,GSM3176457,4h,LPS/IFNg,no_LA,M1_4h,7264067,60661306,52670475,86.83,4910729,8.1,62241095,66498231,93.59812142972645,2611897,RNA-Seq,Illumina HiSeq 4000,ILLUMINA,PAIRED,cDNA,TRANSCRIPTOMIC,GEO,PRJNA474681,SRP149804,SAMN09369006,100,6225494664,2757415179,2019-08-07T00:00:00Z,2018-06-05T13:45:00Z,4h,LPS/IFNg,7.782911756164023,7.794077224538742
SRR7264068,98.45429538047152,-30.643940467429623,-44.09053017055027,-7.51654500116376,11.655278338670078,0.07065622573974348,-0.59629570199717985,-0.48511681774989523,0.4981973684454164,-0.05677391988286293,-0.5823866172846588,0.02295150653563604,1.0468032990257428,-0.44463231522267965,-1.9319577563799488,-1.728281710721026,-0.3559495181740616,-0.3371114728336543,1.1061534329627973,-3.6432104440062028,2.063056616333173,2.7862422759773695,0.6723490792411759,0.11327730707423743,1.1158632510980984,1.0182251932546416,9.408853675408878,-0.2648943150191222,-1.9489010585820044,10.2667279234999,-2.187693793448906,8.308805032886113e-14,GSM3176458,4h,LPS/IFNg,no_LA,M1_4h,7264068,57163156,49348003,86.33,4592904,8.03,58191336,62269625,93.45059649869418,2531843,RNA-Seq,Illumina HiSeq 4000,ILLUMINA,PAIRED,cDNA,TRANSCRIPTOMIC,GEO,PRJNA474681,SRP149804,SAMN09369005,100,5858240095,2569483928,2019-08-07T00:00:00Z,2018-06-05T14:00:00Z,4h,LPS/IFNg,7.757116198347547,7.764858328163805
SRR7264069,54.05458588546622,18.802054789136626,13.33896484266799,12.927349235042389,-26.930424656270258,-7.2416466718945705,1.44381113021808,9.07945970333316,-9.939125195988149,5.292993244333442,1.6470579071991975,-2.5900981396203977,2.0912308379897717,-1.758936832408464,-2.2137860176537667,4.423128590323813,-0.7766139504697768,5.387122077559356,-1.186748227228158,0.11888851523419092,-10.741249628652714,0.7445940022105557,2.408067919905395,1.4309816319752824,5.450313311849954,0.27185916737470733,2.1939305954316413,-0.34150027694947066,2.448988392111788,0.23179741333929982,0.8066649168394026,3.606837051250977e-14,GSM3176459,8h,LPS/IFNg,no_LA,M1_8h,7264069,43535056,37773313,86.77,3588837,8.24,44650737,48012545,92.99806331865973,2127091,RNA-Seq,Illumina HiSeq 4000,ILLUMINA,PAIRED,cDNA,TRANSCRIPTOMIC,GEO,PRJNA474681,SRP149804,SAMN09369003,100,4446579067,1907969566,2019-08-07T00:00:00Z,2018-06-05T13:29:00Z,8h,LPS/IFNg,7.638839107437434,7.649828631699181
SRR7264070,49.950074345945325,17.642639142860176,20.115349721859005,6.795362864172287,-25.5101208133729,-1.3230585771708692,6.723297693683033,8.35569797508536,1.0925228214629914,-2.1399512591457968,9.84115446585169,-4.2826762456533,0.6832440146949263,4.920889468079541,1.208433860642417,-7.296323988376958,-0.8795735519993891,-2.4655305724639187,3.3829090934743395,1.1605716788017366,6.460385799856612,5.078998623066506,5.084884908758775,0.34502076000148674,2.5015072342290785,1.9688448045879754,-3.0595184089837115,0.43962035027510343,-2.4945079184691195,-0.6174619363088265,0.3240649942656103,5.374867217966539e-14,GSM3176460,8h,LPS/IFNg,no_LA,M1_8h,7264070,46704431,41266318,88.36,3993004,8.55,48864046,52646785,92.8148717913164,2460430,RNA-Seq,Illumina HiSeq 4000,ILLUMINA,PAIRED,cDNA,TRANSCRIPTOMIC,GEO,PRJNA474681,SRP149804,SAMN09369001,100,4786577488,2068830422,2019-08-07T00:00:00Z,2018-06-05T13:42:00Z,8h,LPS/IFNg,7.6693580854389465,7.688989424215897
SRR7264071,55.03338005287468,19.23328016397315,8.71661933321939,12.453427031785798,-30.61793342626598,-6.740692922343549,1.8062423286561597,5.245931629325441,5.8483963472734155,-2.3850002307040388,-7.086001660764285,3.9337663001665,-3.9633663214205317,-1.195785053940652,-1.790492095759215,3.8163553279981546,-3.5424255740099437,0.8653475523794625,7.120070338136376,-7.01925482091452,1.5713959157702564,-2.3074399540959787,0.9933451175197626,1.3305870118912384,-7.8258805576420025,-2.16337005398364,-2.8656265153314653,0.7753732306585799,0.9649515382048546,0.9579817953960956,-0.6845732340521551,3.658184866139891e-14,GSM3176461,8h,LPS/IFNg,no_LA,M1_8h,7264071,44619225,39631118,88.82,3899283,8.74,47505201,50711955,93.67653248627468,1876413,RNA-Seq,Illumina HiSeq 4000,ILLUMINA,PAIRED,cDNA,TRANSCRIPTOMIC,GEO,PRJNA474681,SRP149804,SAMN09368999,100,4562478725,1962928041,2019-08-07T00:00:00Z,2018-06-05T13:39:00Z,8h,LPS/IFNg,7.649522022667978,7.676741159981665
SRR7264072,51.367588940672775,20.032569994851894,8.236882332375652,11.713405199499178,-33.79054041202252,-7.312539375544166,2.3003240381977297,5.47909305286607,3.618677555221289,-3.2686469101134006,-3.95881704273173,1.4577275493762756,-1.3166989441849675,-2.0234824370034383,2.276887192211312,-2.0651115717229267,5.746556069216714,-3.1028440381329743,-8.07383745609793,5.972737236053155,2.4165820865318612,-3.0992609775334987,-7.884712406085816,-3.275618080494984,-0.5539509604657931,0.011669982416621302,3.656141058921307,-0.9050893410994907,-1.3982252895772183,-0.2979075594578022,-0.42770261895740086,5.748179709996748e-14,GSM3176462,8h,LPS/IFNg,no_LA,M1_8h,7264072,46526949,40041713,86.06,3942855,8.47,47896763,51218022,93.51544852708291,1989471,RNA-Seq,Illumina HiSeq 4000,ILLUMINA,PAIRED,cDNA,TRANSCRIPTOMIC,GEO,PRJNA474681,SRP149804,SAMN09368997,100,4758135148,2038366850,2019-08-07T00:00:00Z,2018-06-05T13:31:00Z,8h,LPS/IFNg,7.667704574650014,7.680306163545227
SRR7264073,-27.46764152910411,19.08217379740648,0.20924830754197984,-29.301227425087394,-15.465906434190963,-0.9876022804228201,0.010260633473848764,-7.93425430644599,-6.498715837903981,2.3613371351308428,8.579242376532013,2.8823421478848026,-3.1216662366422443,-5.722182715364076,-2.907843012867017,-1.7020188333718271,-0.873583692809835,0.918824422863579,1.0141855079682764,3.431831970691086,-0.6672964686241766,2.853633243214635,-1.4699652288139575,2.5210728336807207,-9.442743195055012,4.3318277354070185,3.4487252072300327,-3.0840103447317753,1.794272967097673,-1.6141431664484889,0.9813028753298906,4.770836503631415e-14,GSM3176463,16h,LPS/IFNg,no_LA,M1_16h,7264073,44475388,39119480,87.96,3558624,8,45964499,49225208,93.37593657298513,1973931,RNA-Seq,Illumina HiSeq 4000,ILLUMINA,PAIRED,cDNA,TRANSCRIPTOMIC,GEO,PRJNA474681,SRP149804,SAMN09368996,100,4561750529,1983295490,2019-08-07T00:00:00Z,2018-06-05T13:26:00Z,16h,LPS/IFNg,7.648119745525473,7.662422530791871
SRR7264074,-28.851467857252352,20.901444677379338,-13.815210434032512,-22.884767712533357,-25.19293609488679,-0.44004790223283313,4.6461934393118085,-13.115876953138867,0.3359925717800045,3.70321587666762,0.33410232406870516,-5.238332268220339,2.5127089855537244,0.3124078683183797,0.4517741715217125,4.395623018196563,0.3245068140501673,-1.8822423876022276,3.009003404275971,0.10427786029331702,0.14371379924859745,-4.129809101637698,2.531888949447305,-4.389907453542533,2.8739617824782355,-4.002512074979417,0.4658443950499761,-2.4062699841993784,-4.398909127854466,-2.1054999065214597,-7.802044517627083,3.622102617839573e-14,GSM3176464,16h,LPS/IFNg,no_LA,M1_16h,7264074,47550480,41656848,87.61,3975455,8.36,49505516,52967625,93.46372619123474,2062341,RNA-Seq,Illumina HiSeq 4000,ILLUMINA,PAIRED,cDNA,TRANSCRIPTOMIC,GEO,PRJNA474681,SRP149804,SAMN09368994,100,4875098540,2095120929,2019-08-07T00:00:00Z,2018-06-05T13:38:00Z,16h,LPS/IFNg,7.677154905296549,7.694653591557767
SRR7264075,-28.665862843499312,20.752668504495773,-11.036632509477563,-22.720927013083994,-21.880549231509836,0.08715172215008224,2.264984782809667,-8.869047434718178,1.8632093124599742,4.533417884304455,-3.480724514369137,-0.4814977385403034,4.331477855926784,3.834647403620798,-0.4676844035105757,0.7582681637491864,-0.042100698637348506,-2.0034684997006615,-1.9536850391942209,-0.9655922135821483,3.505486165459952,-1.2283190674055224,2.1325762024564523,-1.041381485415117,2.170307581588354,-1.7332964511798135,0.5373700162522483,3.6454820344078596,5.512088753700457,2.051618528345235,10.598467738582745,4.236715145378156e-14,GSM3176465,16h,LPS/IFNg,no_LA,M1_16h,7264075,54359688,47594723,87.56,4546597,8.36,56375326,60548639,93.10750320911424,2588748,RNA-Seq,Illumina HiSeq 4000,ILLUMINA,PAIRED,cDNA,TRANSCRIPTOMIC,GEO,PRJNA474681,SRP149804,SAMN09368992,100,5578644653,2431922284,2019-08-07T00:00:00Z,2018-06-05T13:37:00Z,16h,LPS/IFNg,7.735276955413893,7.751089066275671
SRR7264076,-26.94156302559237,20.761712702193677,5.294008541689557,-30.161490661398624,-7.164388311501348,2.2045176084711477,0.5313144437066231,-0.03640982317938388,3.2345352534327496,4.550976772626281,-0.09091032611162467,10.06996399150735,-2.1287182802057956,6.1217492780468445,0.500723300862303,-4.878044885121668,-2.3119898549646285,-0.53382798221641925,-2.198589315629935,-4.776261643185379,-5.215761538028228,2.626880900654278,-6.698251908642562,2.421693562782831,4.423812758000863,1.2174803530563298,-4.440406037821773,1.57348149376674,-1.5972513233519163,1.2758299992472675,-3.2557935367527913,4.469861980549439e-14,GSM3176466,16h,LPS/IFNg,no_LA,M1_16h,7264076,46741228,40694032,87.06,3602653,7.71,47700750,50952696,93.6177155375645,1956495,RNA-Seq,Illumina HiSeq 4000,ILLUMINA,PAIRED,cDNA,TRANSCRIPTOMIC,GEO,PRJNA474681,SRP149804,SAMN09368990,100,4797924380,2084674876,2019-08-07T00:00:00Z,2018-06-05T13:47:00Z,16h,LPS/IFNg,7.669700118125058,7.678525207516021
SRR7264077,-50.58939961905116,14.880106832892508,-15.245972121491853,1.5666868535562406,0.0032902264391932307,19.191974644900537,0.7680497794721611,6.392660713120076,-8.658159054471202,8.461212615818642,-4.878646056237642,-3.1669037628558834,-7.6558337764912885,-4.367693657970191,8.497929848596646,-4.237594919781231,-4.381656806461285,0.9571513127820357,-2.679260321672071,-0.7915894341076686,3.4585413557833617,-4.283664364785111,2.606872370149195,2.7763737110722277,0.46218305355823985,-0.32492175342164425,0.28308894583133876,-0.925035836018776,-0.24759684647712904,0.6519859521280287,-0.3870965951507759,5.667688540711424e-14,GSM3176467,24h,LPS/IFNg,no_LA,M1_24h,7264077,44085189,39122974,88.74,3595587,8.16,46360417,49538383,93.58484107161915,1897966,RNA-Seq,Illumina HiSeq 4000,ILLUMINA,PAIRED,cDNA,TRANSCRIPTOMIC,GEO,PRJNA474681,SRP149804,SAMN09368988,100,4504585153,1966378329,2019-08-07T00:00:00Z,2018-06-05T13:34:00Z,24h,LPS/IFNg,7.644292707019666,7.666147333676038
SRR7264078,-48.59234834157751,9.174226570207301,-17.944943129364738,-8.156860219861088,-9.376667169288124,18.22640989410757,5.343351592520336,1.2175040119127858,-2.7392310267864106,-14.92825596818975,-1.948891805725138,-2.9125185219625633,4.2163015527311165,-5.5652302192613945,1.6479983644909546,6.586773052693828,0.3539204089342825,1.9436892045967664,-2.6535859632926626,-2.8503609839403627,0.9853910421357884,7.0297737482110385,-2.4688493577449773,-0.5255679316998566,0.9983172492801133,2.82296870597337,-3.836527492810859,0.031305943297353894,-0.7036813213566201,1.0790518937759646,0.1396823609461919,9.087869345947297e-14,GSM3176468,24h,LPS/IFNg,no_LA,M1_24h,7264078,45658421,40434196,88.56,3887306,8.51,48096391,51502839,93.38590247423059,2011622,RNA-Seq,Illumina HiSeq 4000,ILLUMINA,PAIRED,cDNA,TRANSCRIPTOMIC,GEO,PRJNA474681,SRP149804,SAMN09368987,100,4676195177,2021891304,2019-08-07T00:00:00Z,2018-06-05T13:29:00Z,24h,LPS/IFNg,7.659520888257054,7.682112489521671
SRR7264079,-49.11535225523031,10.7532525855767,-6.5603289990684015,-6.284993789901032,5.276480396130999,20.585690757824914,-0.1004088281782081,8.975123627990424,-7.58895048283834,-7.18476085496062,-1.9755841901256386,1.565421582970291,-1.6398451762221609,7.212547170333045,-8.447108889172867,-2.07698473713687,4.480689898304252,-4.0074855965257274,4.814252067873611,3.3288689998297065,-3.2149771898265502,-3.035762002823163,0.5454711832382271,-1.041946510622147,-1.3289387871962106,-3.9482675607141466,2.7533590053360872,0.32726976442325734,0.6425908339032069,-0.8377164463360026,0.2245679822627724,4.4776682361913345e-14,GSM3176469,24h,LPS/IFNg,no_LA,M1_24h,7264079,36846027,32377607,87.87,2979616,8.09,38104262,40976868,92.98968871901093,1804697,RNA-Seq,Illumina HiSeq 4000,ILLUMINA,PAIRED,cDNA,TRANSCRIPTOMIC,GEO,PRJNA474681,SRP149804,SAMN09368985,100,3776202555,1640405752,2019-08-07T00:00:00Z,2018-06-05T13:23:00Z,24h,LPS/IFNg,7.566390666007866,7.580973554666747
SRR7264080,-53.91101534636699,22.141296053957927,-29.02499374132036,16.93033637176842,-13.233859248391175,8.85525486298934,-34.53889614924197,2.109524301461817,10.640291670254001,1.7178644965972447,4.389086989096255,0.5531535607891064,3.148278381250016,-0.2839984276549518,0.7095888517185557,-0.01261074206809637,0.665833420047121,2.6551068117218772,0.26386572837669586,0.1543205933787655,-0.5457762247310448,-0.38794712711491663,1.0854723583828139,-1.0470497034606143,-0.27062301022103347,0.84381630592324,0.6296701802248373,0.6085784827331141,-0.37097043509405814,-0.4921729813832039,-0.29393113230504864,5.967448757360216e-14,GSM3176470,24h,LPS/IFNg,no_LA,M1_24h,7264080,40412930,35121121,86.91,3586982,8.88,42599357,45589163,93.4418493272184,1886284,RNA-Seq,Illumina HiSeq 4000,ILLUMINA,PAIRED,cDNA,TRANSCRIPTOMIC,GEO,PRJNA474681,SRP149804,SAMN09368984,100,4133254022,1777304826,2019-08-07T00:00:00Z,2018-06-05T13:30:00Z,24h,LPS/IFNg,7.606520338606527,7.629403043857193
SRR7264081,53.63702549609288,16.266803096118565,46.32650502614363,11.677236569803549,11.402742638791723,7.877176067558179,-1.7193637993509259,-7.350807785099142,-0.9190540934996776,1.1112646647055109,-0.5370861552220917,-3.3312600097681906,4.294073143745209,-8.886480516599402,-5.3274959641753465,-5.224616648548033,2.2866655974048875,-4.03573271355105,1.704520808378142,-5.00216023699983,-1.7704416945072818,-5.094222962609645,-1.98385838191464,2.136974729169605,1.51485205349865,3.700072123467072,-1.032678476492915,4.347797898177839,-3.980880233297977,-1.5516561421591142,1.8938766121108428,5.670464098272987e-14,GSM3176471,8h,"LPS/IFNg, lactic acid (LA)",LA,M1_Lac_8h,7264081,41259470,36842999,89.3,3213790,7.79,42773193,46067249,92.84946231540764,2201403,RNA-Seq,Illumina HiSeq 4000,ILLUMINA,PAIRED,cDNA,TRANSCRIPTOMIC,GEO,PRJNA474681,SRP149804,SAMN09368982,100,4229630251,1836267185,2019-08-07T00:00:00Z,2018-06-05T13:39:00Z,8h,"LPS/IFNg\, lactic acid (LA)",7.615523644927638,7.631171671358543
SRR7264082,56.28145671737442,12.764587847403012,44.21069533809615,9.823903438062532,10.268436093249374,8.274387225531882,-1.7127433702048898,-6.858927198274126,-0.568853922181098,1.1996761499894006,-0.45750308077107354,2.574370239397773,-0.16494153973988684,2.386935479723879,3.390294441840637,3.2969079240177357,-0.8884469071081607,3.8341971103657695,-0.8409920265677516,2.5855714463294883,1.4637725101643835,6.457833203158352,-0.9246642749610958,4.600195474948687,-1.3295831776667075,-9.065022837828744,4.177265248503348,3.5764844274873315,-4.804433534979509,-3.140711750421246,1.3347452354076232,4.959921362512887e-14,GSM3176472,8h,"LPS/IFNg, lactic acid (LA)",LA,M1_Lac_8h,7264082,46760683,41771448,89.33,3708768,7.93,48658403,52430473,92.8055770162516,2516977,RNA-Seq,Illumina HiSeq 4000,ILLUMINA,PAIRED,cDNA,TRANSCRIPTOMIC,GEO,PRJNA474681,SRP149804,SAMN09368980,100,4786318279,2127053979,2019-08-07T00:00:00Z,2018-06-05T13:37:00Z,8h,"LPS/IFNg\, lactic acid (LA)",7.669880845966381,7.687157851005216
SRR7264083,50.56696941010567,15.210855511031996,46.568762962736656,11.5836711402852,10.306338161826586,6.849036302275128,-3.8718403235805576,-7.306770197785223,2.6979011852233215,-2.44284343637222,1.1604350733660735,-1.4224984457758387,0.359010367511419,-0.5931104493431705,-0.2003323765775012,-2.000498433916686,0.3604594179564219,-2.2292290422507346,-1.8098923727735223,0.4990509154024082,0.3578764683597087,0.4995255856326583,-0.08706608996850113,1.9256478089426559,1.3999289705511322,-4.280537004613979,-3.2673719778515844,-7.6502611920121675,9.786408486882072,3.6058763639524702,-3.5162677015930126,6.167288901792745e-14,GSM3176473,8h,"LPS/IFNg, lactic acid (LA)",LA,M1_Lac_8h,7264083,59658375,53157054,89.1,4790443,8.03,62027294,66914041,92.69697820222814,3302441,RNA-Seq,Illumina HiSeq 4000,ILLUMINA,PAIRED,cDNA,TRANSCRIPTOMIC,GEO,PRJNA474681,SRP149804,SAMN09368979,100,6112985941,2681920609,2019-08-07T00:00:00Z,2018-06-05T14:28:00Z,8h,"LPS/IFNg\, lactic acid (LA)",7.775671419690736,7.792582835066268
SRR7264084,57.37701120014363,13.295902890667165,46.76981321468379,8.811739557329142,13.667303987511975,9.421839718639415,-0.6791540889068419,-4.966836798046553,-2.3966089154684322,0.8163229959767774,-1.4264284345414129,3.943784145444403,-1.8643195270662791,7.2710386577547705,2.8080971881686665,5.2026776823832925,-2.3982267067761454,1.6622117415150648,-0.5104289908248743,2.1391850997413377,-0.12065111189038541,-2.1164418581240256,2.591858543112413,-8.193920105797567,-1.5430080757007172,9.565502917166349,0.044973899235091194,-0.3181602231264321,-0.8351483226668015,1.0935656715725697,0.19826444225439024,6.608602554081244e-14,GSM3176474,8h,"LPS/IFNg, lactic acid (LA)",LA,M1_Lac_8h,7264084,45010264,39924359,88.7,3519037,7.82,46271208,50041788,92.46513733681938,2585197,RNA-Seq,Illumina HiSeq 4000,ILLUMINA,PAIRED,cDNA,TRANSCRIPTOMIC,GEO,PRJNA474681,SRP149804,SAMN09368977,100,4609978673,2042814851,2019-08-07T00:00:00Z,2018-06-05T13:31:00Z,8h,"LPS/IFNg\, lactic acid (LA)",7.653311560225903,7.665310837751158
SRR7264085,-26.22419437739927,30.97445872686505,20.943002564580638,-17.91307903064526,23.384922888299556,-11.636000004559083,-4.037045746917475,9.700747661170272,-2.656714417227898,3.304346468262161,-2.7404856158523576,1.6834501900902747,5.206807090174785,-1.5876410523310718,-1.4187111265460413,-1.0785456114136287,1.7460644994010879,-3.246193550027548,-7.154844617869112,-6.080232279375997,0.6578649494086264,3.6507052536693236,6.021765457255653,-4.889210214284961,-4.24685816529408,-2.475387538970704,0.18553330702365323,-2.877005394733314,-1.5291086080751342,-2.7246175820149054,-0.5168250510770005,7.870093465811578e-14,GSM3176475,16h,"LPS/IFNg, lactic acid (LA)",LA,M1_Lac_16h,7264085,52044636,45373025,87.18,3923352,7.54,52747468,56667898,93.08174444727065,2586897,RNA-Seq,Illumina HiSeq 4000,ILLUMINA,PAIRED,cDNA,TRANSCRIPTOMIC,GEO,PRJNA474681,SRP149804,SAMN09368975,100,5325300030,2351637817,2019-08-07T00:00:00Z,2018-06-05T13:44:00Z,16h,"LPS/IFNg\, lactic acid (LA)",7.716375975428782,7.722201617334275
SRR7264086,-22.055553214140332,29.44820290362133,18.07313051179563,-24.024365405886922,15.181995714509489,-11.495250342468347,-2.1512068475960744,2.841076096651113,1.8726709928126415,-5.017516641116816,-0.12330143496223392,7.233968558445921,-3.565797528345811,-5.006008916958009,-2.055924232066174,2.9947847578467712,5.029280221935414,5.375618402497041,1.2514818434661783,4.502250694542434,5.332011458774796,-4.09861914409777,5.121568067807468,4.2781829456185525,6.1938884047520935,1.1133558518365487,-1.333067372250352,1.031274266079393,-0.5287032145676045,1.3688339835385777,-0.6616908626691392,7.091549569793187e-14,GSM3176476,16h,"LPS/IFNg, lactic acid (LA)",LA,M1_Lac_16h,7264086,39182727,34590287,88.28,3032438,7.74,40456339,43278192,93.47973455083336,1762708,RNA-Seq,Illumina HiSeq 4000,ILLUMINA,PAIRED,cDNA,TRANSCRIPTOMIC,GEO,PRJNA474681,SRP149804,SAMN09368974,100,4024234999,1809596613,2019-08-07T00:00:00Z,2018-06-05T13:22:00Z,16h,"LPS/IFNg\, lactic acid (LA)",7.5930946583008465,7.606986579768559
SRR7264087,-25.824413352000768,29.906515693658697,18.90911875211896,-17.395069254657045,21.981993263024975,-8.997161985351722,-0.9097198247391016,7.481486188516019,1.2648945211837186,0.7139743238175541,2.7803173122615936,-4.980128070457011,2.429379647756035,0.6418898434652686,11.665125432497389,3.6927532815899022,3.7688662080412687,-4.225782287748496,7.857636114095781,-0.41927468575701954,-2.445618565173341,-0.9679162157106584,-5.177139858643362,0.986522063844157,-1.265839426641703,0.6342125666947862,1.8618545425987194,1.4831150557021173,2.247239520197516,1.071320061869336,0.7453641195716173,6.386557949156213e-14,GSM3176477,16h,"LPS/IFNg, lactic acid (LA)",LA,M1_Lac_16h,7264087,43012065,38226547,88.87,3328680,7.74,44662287,47824222,93.38842354821789,2030193,RNA-Seq,Illumina HiSeq 4000,ILLUMINA,PAIRED,cDNA,TRANSCRIPTOMIC,GEO,PRJNA474681,SRP149804,SAMN09368972,100,4408244489,1950607020,2019-08-07T00:00:00Z,2018-06-05T13:29:00Z,16h,"LPS/IFNg\, lactic acid (LA)",7.633590293439392,7.649940958011051
SRR7264088,-27.140187638650367,29.79726128751775,13.779011426698641,-17.2145955904806,14.808446512559268,-12.287304757890663,-4.127593810878011,0.1401375973837017,5.0774854793280735,-5.615136918302776,-5.359495657506324,-12.247207921024708,-2.9188924555301146,2.689167720417851,-4.590609344708307,-4.220855363088782,-8.275563610561443,5.637270345410498,-1.2193801055831592,3.7058565539679122,-1.5637007237442195,0.003801307302738949,-2.6621386519232284,-0.8067791206010673,-0.9950626913854862,0.2759139819802695,-0.10043872221954941,0.9272599709517461,-0.9248137202859844,0.45252632070462834,0.23345998462073142,7.018691183802162e-14,GSM3176478,16h,"LPS/IFNg, lactic acid (LA)",LA,M1_Lac_16h,7264088,35779779,31253514,87.35,2831874,7.91,36786272,39365461,93.44809146271652,1627020,RNA-Seq,Illumina HiSeq 4000,ILLUMINA,PAIRED,cDNA,TRANSCRIPTOMIC,GEO,PRJNA474681,SRP149804,SAMN09368970,100,3672001646,1630683368,2019-08-07T00:00:00Z,2018-06-05T13:22:00Z,16h,"LPS/IFNg\, lactic acid (LA)",7.553637653744576,7.56568577772336
SRR7264089,-54.60962212019974,40.03510790299465,-34.66392925441244,34.42779319580594,3.6014859591860073,-18.813075484479135,-2.8841261062194405,-11.152403050126717,-13.954092279227492,-8.773825306844465,-1.7571394060370265,3.75503919889623,1.3282989164932375,2.6098944473471843,4.629815038669073,-5.821706204862382,0.785284034195239,1.3214880367073365,1.6357510225135652,-1.8445861197565216,-0.8001169976197607,-0.2676043326513779,0.4865058835384452,-0.35860603377122197,0.21235724860233976,-0.3668654725162932,-0.5725279930688522,0.0027621049959564298,-0.2947575754584009,0.008806090979983274,0.13546888949315752,6.336597913048081e-14,GSM3176479,24h,"LPS/IFNg, lactic acid (LA)",LA,M1_Lac_24h,7264089,35611089,31317917,87.94,3147050,8.84,38056365,40598656,93.73799221333829,1478349,RNA-Seq,Illumina HiSeq 4000,ILLUMINA,PAIRED,cDNA,TRANSCRIPTOMIC,GEO,PRJNA474681,SRP149804,SAMN09368969,100,3635452430,1584050337,2019-08-07T00:00:00Z,2018-06-05T13:26:00Z,24h,"LPS/IFNg\, lactic acid (LA)",7.551585254759884,7.580427303766211
SRR7264090,-50.07611180685168,32.89438449282456,-24.07811989914629,22.767008997951525,12.501529080220095,3.1929626593590994,14.657341052156577,-1.5312613024039563,7.824691147731785,11.173666696512173,-3.4887015837446373,-2.268018817435424,-0.35962341168221285,0.10565510815824758,-2.5102720366152984,-2.2328952089605267,9.442101457917957,6.6544518804810675,2.5551305508387046,1.4045794170320942,-0.5305388988287966,4.61321952142891,-0.5794691712059076,-1.5985090692551676,-2.0621295583727566,1.434052658197339,-2.410188092370598,-0.7367893000555237,0.34009878766372664,0.8743590993830846,-0.3485148612849903,-1.8596235662471372e-14,GSM3176480,24h,"LPS/IFNg, lactic acid (LA)",LA,M1_Lac_24h,7264090,45334910,39425450,86.96,3862629,8.52,47652813,50799780,93.80515624280262,1865354,RNA-Seq,Illumina HiSeq 4000,ILLUMINA,PAIRED,cDNA,TRANSCRIPTOMIC,GEO,PRJNA474681,SRP149804,SAMN09368967,100,4647065496,2043009304,2019-08-07T00:00:00Z,2018-06-05T13:28:00Z,24h,"LPS/IFNg\, lactic acid (LA)",7.656432757894511,7.678088542630559
SRR7264091,-52.17714849960574,35.69327031587541,-22.089200299632406,26.9962353382012,12.57435878260881,-7.492810799997984,-0.6400209637274638,0.7167644278420938,-1.9880679210813557,5.5054363199125795,0.80335042422046965,-1.625081544232236,-2.91869898569557,3.0619237314657077,-6.572982831387644,8.628743156050126,-3.497481326980626,-8.148835389755009,-1.9193716517453825,0.08491537824050796,4.730494252533719,1.6782784015349688,-3.2956254067751702,5.566372439153397,2.3529137163713654,3.0827730235589774,0.27302115397809174,-1.438015302359081,-0.5928218321025118,-1.3418842600460803,-0.42585667092271207,7.965850201685498e-15,GSM3176481,24h,"LPS/IFNg, lactic acid (LA)",LA,M1_Lac_24h,7264091,55958611,49358931,88.21,4857792,8.68,59466935,63759620,93.2673924342711,2709262,RNA-Seq,Illumina HiSeq 4000,ILLUMINA,PAIRED,cDNA,TRANSCRIPTOMIC,GEO,PRJNA474681,SRP149804,SAMN09368965,100,5712362529,2479891603,2019-08-07T00:00:00Z,2018-06-05T13:49:00Z,24h,"LPS/IFNg\, lactic acid (LA)",7.747866925931977,7.774275554996838
SRR7264092,-49.57039729268177,33.60023960736661,-19.599739840290933,18.582598917632783,16.574961355677964,2.5866936200739605,17.745546599742113,1.7089395914806949,11.197623018488384,-3.8778471100103316,8.990700884706053,4.886299677906272,1.1504213768315084,-3.894974591151857,0.8280735540356929,-0.03935312487734613,-7.1052154914923475,-0.9017004778996442,-2.55054963763468,0.7407825630815408,-3.76514652043584,-4.224479081861975,1.7394012015105336,-2.876248068070236,-0.2551717619293306,-3.016599050961294,2.353319293525253,2.009779512604922,0.6783193639329923,0.2830921694844137,0.78723129569611106,-2.9559688030644793e-15,GSM3176482,24h,"LPS/IFNg, lactic acid (LA)",LA,M1_Lac_24h,7264092,45596304,40607362,89.06,3983819,8.74,49053271,52262174,93.85998944475597,1878350,RNA-Seq,Illumina HiSeq 4000,ILLUMINA,PAIRED,cDNA,TRANSCRIPTOMIC,GEO,PRJNA474681,SRP149804,SAMN09368964,100,4669932739,2060329221,2019-08-07T00:00:00Z,2018-06-05T13:30:00Z,24h,"LPS/IFNg\, lactic acid (LA)",7.658929640527164,7.690667972569899
